/*!40101 SET @saved_cs_client     = @@character_set_client */;
/*!40101 SET character_set_client = utf8 */;
CREATE TABLE `catalog` (
  `service_id` varchar(255) DEFAULT NULL,
  `service_name` varchar(255) DEFAULT NULL,
  `item_id` int(11) DEFAULT NULL,
  `currency` varchar(3) DEFAULT NULL
) ENGINE=InnoDB DEFAULT CHARSET=utf8;
/*!40101 SET character_set_client = @saved_cs_client */;
INSERT INTO `catalog` VALUES ('141309_AzureActiveDirectoryBasicOct2015_54570','Azure Active Directory Basic',5096,'EUR'),('141309_AzureActiveDirectoryBasic_23545','Azure Active Directory Basic (Government Pricing)',4750,'EUR'),('141309_AzureActiveDirectoryPremiumOct2015_78969','Azure Active Directory Premium',5099,'EUR'),('141309_AzureActiveDirectoryPremium_12199','Azure Active Directory Premium (Government Pricing)',4753,'EUR'),('141309_AzureActiveDirectoryPremiumforFaculty_48358','Azure Active Directory Premium for Faculty',8910,'EUR'),('141309_AzureActiveDirectoryPremiumforStudents_86969','Azure Active Directory Premium for Students',8913,'EUR'),('141309_AzureRightsManagementOct2015_28540','Azure Rights Management Premium',5102,'EUR'),('141309_AzureRightsManagement_91497','Azure Rights Management Premium (Government Pricing)',4756,'EUR'),('141309_DelveAnalytics_93181','Delve Analytics',6191,'EUR'),('141309_DelveAnalyticsGovernmentPricing_28388','Delve Analytics (Government Pricing)',6206,'EUR'),('141309_EnterpriseMobilitySuiteOct2015_24902','Enterprise Mobility Suite',5105,'EUR'),('141309_EnterpriseMobilitySuite_31059','Enterprise Mobility Suite (Government Pricing)',4759,'EUR'),('141309_EnterpriseMobilitySuiteforFaculty_89442','Enterprise Mobility Suite for Faculty',8916,'EUR'),('141309_EnterpriseMobilitySuiteforStudents_77507','Enterprise Mobility Suite for Students',8919,'EUR'),('141309_ExchangeOnlinePlan1Oct2015_61644','Exchange Online (Plan 1)',5108,'EUR'),('141309_ExchangeOnlinePlan2Oct2015_23220','Exchange Online (Plan 2)',5111,'EUR'),('141309_ExchangeOnlinePlan2_34432','Exchange Online (Plan 2) (Government Pricing)',4765,'EUR'),('141309_ExchangeOnlineAdvancedThreatProtection_46304','Exchange Online Advanced Threat Protection',4903,'EUR'),('141309_ExchangeOnlineAdvancedThreatProtectionGovernmentPricing_24068','Exchange Online Advanced Threat Protection (Government Pricing)',4978,'EUR'),('141309_ExchangeOnlineArchivingforExchangeOnlineOct2015_80201','Exchange Online Archiving for Exchange Online',5114,'EUR'),('141309_ExchangeOnlineArchivingforExchangeOnline_32396','Exchange Online Archiving for Exchange Online (Government Pricing)',4768,'EUR'),('141309_ExchangeOnlineKioskOct2015_26344','Exchange Online Kiosk',5117,'EUR'),('141309_ExchangeOnlineKiosk_18450','Exchange Online Kiosk (Government Pricing)',4771,'EUR'),('141309_ExchangeOnlinePlan1_42617','Exchange Online Plan 1 (Government Pricing)',4762,'EUR'),('141309_ExchangeOnlineProtectionOct2015_69532','Exchange Online Protection',5120,'EUR'),('132874_Exchangemailbox25GB_16112','Exchange mailbox 50Gb',4652,'EUR'),('141309_MicrosoftIntuneOct2015_81454','Intune',5123,'EUR'),('141309_MicrosoftIntune_69307','Intune (Government Pricing)',4777,'EUR'),('141309_MicrosoftIntuneExtraStorage_89473','Intune Additional Storage (Government Pricing)',4780,'EUR'),('141309_MicrosoftIntuneExtraStorageOct2015_39468','Intune Extra Storage',5126,'EUR'),('141309_MicrosoftAzureMultiFactorAuthentication_13448','Microsoft Azure Multi-Factor Authentication',6929,'EUR'),('141309_MicrosoftCloudAppSecurity_47061','Microsoft Cloud App Security',8521,'EUR'),('141309_MicrosoftCloudAppSecurityGovernmentPricing_77114','Microsoft Cloud App Security (Government Pricing)',8524,'EUR'),('141309_Office365EquivioAnalyticsforeDiscovery_64696','Office 365 Advanced eDiscovery',6218,'EUR'),('141309_Office365EquivioAnalyticsforeDiscoveryGovernmentPricing_41395','Office 365 Advanced eDiscovery (Government Pricing)',6221,'EUR'),('141309_Office365Business_84022','Office 365 Business',4299,'EUR'),('141309_Office365BusinessEssentialsOct2015_16748','Office 365 Business Essentials',5129,'EUR'),('141309_Office365BusinessPremiumOct2015_30551','Office 365 Business Premium',5132,'EUR'),('141309_Office365EnterpriseE1Oct2015_73495','Office 365 Enterprise E1',5135,'EUR'),('141309_Office365EnterpriseE1_83396','Office 365 Enterprise E1 (Government Pricing)',4794,'EUR'),('141309_Office365EnterpriseE3Oct2015_21438','Office 365 Enterprise E3',5138,'EUR'),('141309_Office365EnterpriseE3_28995','Office 365 Enterprise E3 (Government Pricing)',4797,'EUR'),('141309_Office365EnterpriseE4Oct2015_86564','Office 365 Enterprise E4',5141,'EUR'),('141309_Office365EnterpriseE4_50482','Office 365 Enterprise E4 (Government Pricing)',4800,'EUR'),('141309_Office365EnterpriseE5withoutPSTNConfer_20160301_41131','Office 365 Enterprise E5 without PSTN Conferencing',6938,'EUR'),('141309_Office365EnterpriseE5withoutPSTNCGov_201603_29026','Office 365 Enterprise E5 without PSTN Conferencing (Government Pricing)',6950,'EUR'),('141309_Office365EnterpriseK1Oct2015_19682','Office 365 Enterprise K1',5144,'EUR'),('141309_Office365EnterpriseK1_25058','Office 365 Enterprise K1 (Government Pricing)',4803,'EUR'),('141309_ExchangeOnlineProtection_54699','Office 365 Exchange Online Protection (Government Pricing)',4774,'EUR'),('141309_Office365ExtraFileStorageOct2015_62227','Office 365 Extra File Storage',5147,'EUR'),('141309_Office365ExtraFileStorage_66353','Office 365 Extra File Storage (Government Pricing)',4806,'EUR'),('141309_Office365ProPlus_89009','Office 365 ProPlus',4317,'EUR'),('141309_Office365ProPlus_93617','Office 365 ProPlus (Government Pricing)',4809,'EUR'),('141309_OneDriveforBusinesswithOfficeOnlineOct2015_96109','OneDrive for Business (Plan 1)',5150,'EUR'),('141309_OneDriveforBusinesswithOfficeOnline_52679','OneDrive for Business (Plan 1) (Government Pricing)',4812,'EUR'),('141309_OneDriveforBusinessPlan2_201603_74820','OneDrive for Business (Plan 2)',6953,'EUR'),('141309_OneDriveforBusinessPlan2Gov_201603_20524','OneDrive for Business (Plan 2) (Government Pricing)',6958,'EUR'),('141309_PowerBIPro_55337','Power BI Pro',6164,'EUR'),('141309_PowerBIProGovernmentPricing_50377','Power BI Pro (Government Pricing)',6167,'EUR'),('141309_ProjectLiteOct2015_27661','Project Online Essentials',5153,'EUR'),('141309_ProjectLite_63771','Project Online Essentials (Government Pricing)',4815,'EUR'),('141309_SharePointOnlinePlan1Oct2015_57093','SharePoint Online (Plan 1)',5168,'EUR'),('141309_SharePointOnlinePlan2_201603_98230','SharePoint Online (Plan 2)',6963,'EUR'),('141309_SharePointOnlinePlan2Oct2015_46939','SharePoint Online (Plan 2) (Dec 2015)',5171,'EUR'),('141309_SkypeforBusinessCloudPBX_11059','Skype for Business Cloud PBX',6197,'EUR'),('141309_SkypeforBusinessCloudPBXGovernmentPricing_21630','Skype for Business Cloud PBX (Government Pricing)',6212,'EUR'),('141309_SkypeforBusinessOnlinePlan1Oct2015_14192','Skype for Business Online (Plan 1)',5174,'EUR'),('141309_SkypeforBusinessPlan1_21130','Skype for Business Online (Plan 1) (Government Pricing)',4836,'EUR'),('141309_SkypeforBusinessOnlinePlan2Oct2015_29750','Skype for Business Online (Plan 2)',5177,'EUR'),('141309_SkypeforBusinessOnlinePlan2_70091','Skype for Business Online (Plan 2) (Government Pricing)',4839,'EUR'),('141309_SkypeforBusinessPSTNConferencing_93208','Skype for Business PSTN Conferencing',6984,'EUR'),('141309_SkypeforBusinessPSTNConferencingGov_62716','Skype for Business PSTN Conferencing (Government Pricing)',6987,'EUR'),('141309_SkypeforBusinessPSTNConferencingforE5_33980','Skype for Business PSTN Conferencing for E5 without PSTN Conferencing Customers',8527,'EUR'),('141309_SkypeforBusinessPSTNConferencingforE5Gov_12145','Skype for Business PSTN Conferencing for E5 without PSTN Conferencing Customers (Government Pricing)',8530,'EUR'),('141309_SkypeforBusinessPlusCAL_59854','Skype for Business Plus CAL',6200,'EUR'),('141309_SkypeforBusinessPlusCALGovernmentPricing_26489','Skype for Business Plus CAL (Government Pricing)',6215,'EUR'),('141309_VisioProforOffice365Oct2015_55026','Visio Pro for Office 365',5180,'EUR'),('141309_VisioProforOffice365_54327','Visio Pro for Office 365 (Government Pricing)',4830,'EUR'),('132874_Workspace365_97228','Workspace 365',4406,'EUR'),('132874_Workspace365_97228','Workspace 365',4408,'EUR'),('141309_YammerEnterpriseOct2015_73134','Yammer Enterprise',5183,'EUR'),('141309_YammerEnterprise_80915','Yammer Enterprise (Government Pricing)',4833,'EUR'),('141309_DelvAnalForFacu_89764','Delve Analytics for faculty',9650,'EUR'),('141309_DelvAnalForStud_65122','Delve Analytics for students',9653,'EUR'),('141309_ExchOnliAdvaThreProtForFacu_37544','Exchange Online Advanced Threat Protection for faculty',9656,'EUR'),('141309_ExchOnliAdvaThreProtForStud_37250','Exchange Online Advanced Threat Protection for students',9659,'EUR'),('141309_Office365Educationforfaculty_62426','Office 365 Education for faculty',9638,'EUR'),('141309_Office365Educationforstudents_89651','Office 365 Education for students',9641,'EUR'),('141309_Offi365ProPForFacu_18047','Office 365 ProPlus for faculty',9584,'EUR'),('141309_Offi365ProPForStud_89181','Office 365 ProPlus for students',9587,'EUR'),('141309_PoweBIProForFacu_37337','Power BI Pro for faculty',9590,'EUR'),('141309_PoweBIProForStud_58612','Power BI Pro for students',9593,'EUR'),('141309_ALSOProjectOnlinePremium_40378','Project Online Premium',10242,'EUR'),('141309_ALSOProjectOnlinePremiumGOV_36668','Project Online Premium (Government Pricing)',10245,'EUR'),('141309_ALSOProjectOnlineProfession_21195','Project Online Professional',10248,'EUR'),('141309_ALSOProjectOnlineProfessionGOV_62551','Project Online Professional (Government Pricing)',10251,'EUR'),('141309_ALSOSharePointOnlinePlan1GOV_68462','SharePoint Online (Plan 1) (Government Pricing)',10254,'EUR'),('141309_ALSOSharePointOnlinePlan2GOV_35674','SharePoint Online (Plan 2) (Government Pricing)',10257,'EUR'),('141309_SkypForBusiClouPBXForFacu_74261','Skype for Business Cloud PBX for faculty',9674,'EUR'),('141309_SkypForBusiClouPBXForStud_55524','Skype for Business Cloud PBX for students',9677,'EUR'),('141309_SkypForBusiPSTNConfForFacu_10379','Skype for Business PSTN Conferencing for faculty',9680,'EUR'),('141309_SkypForBusiPSTNConfForStud_85447','Skype for Business PSTN Conferencing for students',9683,'EUR'),('141309_Windows10EnterpriseE3_54190','Windows 10 Enterprise E3',10172,'EUR'),('579056_AntiVirusBusiness_54316','AntiVirus Business',8820,'EUR'),('579056_AntiVirusEnterprise_88241','AntiVirus Enterprise',8825,'EUR'),('579056_AntivirusforWindowsv2_28510','Antivirus for Windows v2',8792,'EUR'),('579056_AntivirusforWindowsv2_28510','Antivirus for Windows v2',8793,'EUR'),('579056_AntivirusforWindowsv2_28510','Antivirus for Windows v2',8794,'EUR'),('100001_NLCloudBackupOnlineDesktopVersion_18668','Backup Online Desktop Version',3306,'EUR'),('100001_NLCloudBackupOnlineDesktopVersion_18668','Backup Online Desktop Version',3308,'EUR'),('100001_NLCloudBackupOnlineDesktopVersion_18668','Backup Online Desktop Version',3309,'EUR'),('100001_NLCloudBackupOnlineServerVersion_89071','Backup Online Server Version',3311,'EUR'),('100001_NLCloudBackupOnlineServerVersion_89071','Backup Online Server Version',3313,'EUR'),('100001_NLCloudBackupOnlineServerVersion_89071','Backup Online Server Version',3314,'EUR'),('100001_NLCloudBackupOnlineServerVersion_89071','Backup Online Server Version',3315,'EUR'),('100001_NLCloudBackupOnlineServerVersion_89071','Backup Online Server Version',3316,'EUR'),('141309_MicrosoftDynamicsCRMOnlineAdditionalStorageGovernmentPricing_92325','CRM Additional Storage (Government Pricing)',5049,'EUR'),('579056_ClientSecurityBusiness_38720','Client Security Business',8830,'EUR'),('579056_ClientSecurityEnterprise_18804','Client Security Enterprise',8835,'EUR'),('579056_EndpointProtectionBusiness_99461','Endpoint Protection Business',8846,'EUR'),('579056_EndpointProtectionEnterprise_48870','Endpoint Protection Enterprise',8851,'EUR'),('579056_InternetSecurityforAndroidv2_46601','Internet Security for Android v2',8797,'EUR'),('579056_InternetSecurityforAndroidv2_46601','Internet Security for Android v2',8798,'EUR'),('579056_InternetSecurityforAndroidv2_46601','Internet Security for Android v2',8799,'EUR'),('579056_InternetSecurityforWindowsv2_44419','Internet Security for Windows v2',8802,'EUR'),('579056_InternetSecurityforWindowsv2_44419','Internet Security for Windows v2',8803,'EUR'),('579056_InternetSecurityforWindowsv2_44419','Internet Security for Windows v2',8804,'EUR'),('141309_MicrosoftDynamicsCRMOnlineAdditionalPortalPageViews_70106','Microsoft Dynamics CRM Online - Additional Portal Page Views',8928,'EUR'),('141309_MicrosoftDynamicsCRMOnlineAddPortalPageViewsGOV_75532','Microsoft Dynamics CRM Online - Additional Portal Page Views (Government Pricing)',8931,'EUR'),('141309_MicrosoftDynamicsCRMOnlineFieldServiceUserAddOn_93567','Microsoft Dynamics CRM Online - Field Service User Add-On',8934,'EUR'),('141309_MicrosoftDynamicsCRMOnlineFieldServiceUserAddOnGOV_60208','Microsoft Dynamics CRM Online - Field Service User Add-On (Government Pricing)',8937,'EUR'),('141309_MicrosoftDynamicsCRMOnlinePortalAddOn_75440','Microsoft Dynamics CRM Online - Portal Add-On',8940,'EUR'),('141309_MicrosoftDynamicsCRMOnlinePortalAddOnGOV_86602','Microsoft Dynamics CRM Online - Portal Add-On (Government Pricing)',8943,'EUR'),('141309_MicrosoftDynamicsCRMOnlineAdditionalNonProductionInstance_14096','Microsoft Dynamics CRM Online Additional Non-Production Instance',4858,'EUR'),('141309_MicrosoftDynamicsCRMOnlineAdditionalNonProductionInstanceGOV_96726','Microsoft Dynamics CRM Online Additional Non-Production Instance (Government Pricing)',5043,'EUR'),('141309_MicrosoftDynamicsCRMOnlineAdditionalProductionInstance_88843','Microsoft Dynamics CRM Online Additional Production Instance',4855,'EUR'),('141309_MicrosoftDynamicsCRMOnlineAdditionalProductionInstanceGOV_74967','Microsoft Dynamics CRM Online Additional Production Instance (Government Pricing)',5046,'EUR'),('141309_MicrosoftDynamicsCRMOnlineAdditionalStorage_81618','Microsoft Dynamics CRM Online Additional Storage',4861,'EUR'),('141309_MicrosoftDynamicsCRMOnlineBasic_95068','Microsoft Dynamics CRM Online Basic',4869,'EUR'),('141309_MicrosoftDynamicsCRMOnlineBasicGovernmentPricing_41534','Microsoft Dynamics CRM Online Basic (Government Pricing)',5031,'EUR'),('141309_MicrosoftDynamicsCRMOnlineEssential_22848','Microsoft Dynamics CRM Online Essential',4866,'EUR'),('141309_MicrosoftDynamicsCRMOnlineEssentialGovernmentPricing_50917','Microsoft Dynamics CRM Online Essential (Government Pricing)',5028,'EUR'),('141309_MicrosoftDynamicsCRMOnlineDefaultProductionInstance_16629','Microsoft Dynamics CRM Online Professional',4738,'EUR'),('141309_MicrosoftDynamicsCRMOnlineProfessionalGovernmentPricing_64056','Microsoft Dynamics CRM Online Professional (Government Pricing)',5025,'EUR'),('141309_MicrosoftDynamicsCRMOnlineProfessionalAddOntoOffice365_61019','Microsoft Dynamics CRM Online Professional Add-On to Office 365',5807,'EUR'),('141309_CRMOnlineProfessionalAddOntoOffice365GovernmentPricing_53185','Microsoft Dynamics CRM Online Professional Add-On to Office 365 (Government Pricing)',5822,'EUR'),('141309_MicrosoftDynamicsEmployeeSelfService_56235','Microsoft Dynamics Employee Self Service',8922,'EUR'),('141309_MicrosoftDynamicsEmployeeSelfServiceGOV_65220','Microsoft Dynamics Employee Self Service (Government Pricing)',8925,'EUR'),('141309_MicrosoftSocialEngagementAdditional10KPosts_31539','Microsoft Social Engagement Additional 10K Posts',5052,'EUR'),('141309_MicrosoftSocialEngagementAdditional10KPostsGovernmentPricing_75143','Microsoft Social Engagement Additional 10K Posts (Government Pricing)',5061,'EUR'),('141309_MicrosoftSocialEngagementAdditional10KPostsminimum10licenses_97563','Microsoft Social Engagement Additional 10K Posts (minimum 10 licenses)',5055,'EUR'),('141309_MicrosoftSocialEngagementAdditional10KPostsminimum100licenses_99490','Microsoft Social Engagement Additional 10K Posts (minimum 100 licenses)',5058,'EUR'),('141309_MicrosoftSocialEngagementAdditional10kPostsminimum10licensesGov_66285','Microsoft Social Enterprise Additional 10k Posts (minimum 10 licenses) (Government Pricing)',5064,'EUR'),('141309_MicrosoftSocialEngagementAdditional10kPostsminimum100licensesGov_92629','Microsoft Social Enterprise Additional 10k Posts (minimum 100 licenses) (Government Pricing)',5067,'EUR'),('579056_TotalProtectionforWindowsv2_61001','Total Protection for Windows v2',8807,'EUR'),('579056_TotalProtectionforWindowsv2_61001','Total Protection for Windows v2',8808,'EUR'),('579056_TotalProtectionforWindowsv2_61001','Total Protection for Windows v2',8809,'EUR'),('132868_WorkstationBackup2_64718','Workstation Backup',4227,'EUR'),('707941_JumpStartCRM_12048','JumpStart CRM',7180,'EUR'),('707941_JumpStartCRM_12048','JumpStart CRM',7181,'EUR'),('141309_MicrDynaCRMOnliFielServUserAddFacu_58741','Microsoft Dynamics CRM Online - Field Service User Add-On Faculty',9662,'EUR'),('141309_MicrDynaCRMOnliFielServUserAddStud_29571','Microsoft Dynamics CRM Online - Field Service User Add-On Student',9665,'EUR'),('141309_ALSOMicrDynaCRMOnliProjServAutoUserAdd_68738','Microsoft Dynamics CRM Online - Project Service Automation User Add-On',10260,'EUR'),('141309_ALSOMicrDynaCRMOnliProjServAutoUserAddFacu_32774','Microsoft Dynamics CRM Online - Project Service Automation User Add-On Faculty',10266,'EUR'),('141309_ALSOMicrDynaCRMOnliProjServAutoUserAddStud_76792','Microsoft Dynamics CRM Online - Project Service Automation User Add-On Student',10269,'EUR'),('141309_ALSOMicrDynaCRMOnliProjServAutoUserAddGOV_80153','Microsoft Dynamics CRM Online - Project Service Automation User Add-on (Government Pricing)',10263,'EUR'),('141309_MicrDynaCRMOnliBasiFacu_87084','Microsoft Dynamics CRM Online Basic Faculty',9560,'EUR'),('141309_MicrDynaCRMOnliBasiStud_69408','Microsoft Dynamics CRM Online Basic Student',9563,'EUR'),('141309_MicrDynaCRMOnliEsseFacu_37688','Microsoft Dynamics CRM Online Essential Faculty',9566,'EUR'),('141309_MicrDynaCRMOnliEsseStud_40412','Microsoft Dynamics CRM Online Essential Student',9569,'EUR'),('141309_MicrDynaCRMOnliProfFacu_36077','Microsoft Dynamics CRM Online Professional Faculty',9572,'EUR'),('141309_MicrDynaCRMOnliProfStud_80533','Microsoft Dynamics CRM Online Professional Student',9575,'EUR'),('141309_MicrDynaEmplSelfServFacu_79443','Microsoft Dynamics Employee Self Service Faculty',9578,'EUR'),('141309_MicrDynaEmplSelfServStud_27011','Microsoft Dynamics Employee Self Service Student',9581,'EUR'),('100001_NLCloudDesktopOnlineCitrixDedicatedTerminalServer_72261','Cloud Desktop Online Citrix, Dedicated Terminal Server',3345,'EUR'),('100001_NLCloudDesktopOnlineCitrixDedicatedTerminalServer_72261','Cloud Desktop Online Citrix, Dedicated Terminal Server',3346,'EUR'),('100001_NLCloudDesktopOnlineCitrix_81182','Desktop Online Citrix',3341,'EUR'),('100001_NLCloudDesktopOnlineCitrix_81182','Desktop Online Citrix',3342,'EUR'),('100001_NLCloudDesktoponlineRDP_39784','Desktop Online RDP',3364,'EUR'),('100001_NLCloudDesktoponlineRDP_39784','Desktop Online RDP',3365,'EUR'),('141309_MicrosoftAzureSubscription_56935','Microsoft Azure Subscription',4962,'EUR');
/*!40101 SET @saved_cs_client     = @@character_set_client */;
/*!40101 SET character_set_client = utf8 */;
CREATE TABLE `order_detail` (
  `id` int(11) unsigned NOT NULL AUTO_INCREMENT,
  `product_id` int(11) unsigned NOT NULL,
  `price` decimal(9,3) NOT NULL,
  `quantity` int(11) unsigned NOT NULL DEFAULT '0',
  PRIMARY KEY (`id`),
  KEY `product` (`product_id`)
) ENGINE=InnoDB AUTO_INCREMENT=10 DEFAULT CHARSET=utf8;
/*!40101 SET character_set_client = @saved_cs_client */;
INSERT INTO `order_detail` VALUES (1,1,15.000,2),(2,2,54.000,1),(3,2,54.000,1),(4,3,124.000,1),(5,3,100.000,2),(6,3,115.000,1),(7,1,21.000,2),(8,4,67.000,2),(9,4,63.560,1);
/*!40101 SET @saved_cs_client     = @@character_set_client */;
/*!40101 SET character_set_client = utf8 */;
CREATE TABLE `product` (
  `id` int(11) unsigned NOT NULL AUTO_INCREMENT,
  `sku` varchar(25) NOT NULL,
  `vendor` varchar(30) NOT NULL,
  `category_id` int(11) unsigned DEFAULT NULL,
  `created` timestamp NOT NULL DEFAULT CURRENT_TIMESTAMP,
  `updated` timestamp NOT NULL DEFAULT CURRENT_TIMESTAMP ON UPDATE CURRENT_TIMESTAMP,
  PRIMARY KEY (`id`)
) ENGINE=InnoDB AUTO_INCREMENT=9 DEFAULT CHARSET=utf8;
/*!40101 SET character_set_client = @saved_cs_client */;
INSERT INTO `product` VALUES (1,'MGX72N/A','Apple',NULL,'2016-11-09 17:49:58','2016-11-09 17:49:58'),(2,'CF657','HP',NULL,'2016-11-09 17:49:58','2016-11-09 17:49:58'),(3,'MFC-7220','Brother',NULL,'2016-11-09 17:49:58','2016-11-09 17:49:58'),(4,'IP1800','Canon',NULL,'2016-11-09 17:49:58','2016-11-09 17:49:58'),(5,'MD113','Apple',NULL,'2016-11-09 17:50:30','2016-11-09 17:50:30'),(6,'PRO400','HP',NULL,'2016-11-09 17:50:30','2016-11-09 17:50:30'),(7,'MFC-7340','Brother',NULL,'2016-11-09 17:50:30','2016-11-09 17:50:30'),(8,'D500','Canon',NULL,'2016-11-09 17:50:30','2016-11-09 17:50:30');
/*!40101 SET @saved_cs_client     = @@character_set_client */;
/*!40101 SET character_set_client = utf8 */;
CREATE TABLE `profile` (
  `id` int(11) unsigned NOT NULL AUTO_INCREMENT,
  `user_id` int(11) unsigned NOT NULL,
  `userpic` varchar(255) DEFAULT NULL,
  `role` varchar(25) DEFAULT NULL,
  `fraction` varchar(50) DEFAULT NULL,
  PRIMARY KEY (`id`),
  UNIQUE KEY `user_id` (`user_id`)
) ENGINE=InnoDB AUTO_INCREMENT=11 DEFAULT CHARSET=utf8;
/*!40101 SET character_set_client = @saved_cs_client */;
INSERT INTO `profile` VALUES (1,3,'',NULL,NULL),(2,1,'',NULL,'Admins'),(3,2,'',NULL,NULL),(4,8,'',NULL,NULL),(5,4,'',NULL,NULL),(6,10,'',NULL,NULL),(10,14,NULL,'Newbye','Atas');
/*!40101 SET @saved_cs_client     = @@character_set_client */;
/*!40101 SET character_set_client = utf8 */;
CREATE TABLE `user` (
  `id` int(11) unsigned NOT NULL AUTO_INCREMENT,
  `username` varchar(25) NOT NULL,
  `password_hash` varchar(255) NOT NULL,
  `active` tinyint(1) NOT NULL DEFAULT '0',
  `email` varchar(255) NOT NULL,
  `first_name` varchar(30) DEFAULT NULL,
  `last_name` varchar(50) DEFAULT NULL,
  `date_of_birth` date DEFAULT NULL,
  `created` timestamp NOT NULL DEFAULT CURRENT_TIMESTAMP,
  `updated` timestamp NOT NULL DEFAULT CURRENT_TIMESTAMP ON UPDATE CURRENT_TIMESTAMP,
  PRIMARY KEY (`id`),
  UNIQUE KEY `login` (`username`),
  KEY `active` (`active`)
) ENGINE=InnoDB AUTO_INCREMENT=23 DEFAULT CHARSET=utf8;
/*!40101 SET character_set_client = @saved_cs_client */;
INSERT INTO `user` VALUES (1,'admin','admin',1,'i.dytyniuk@gmail.com',NULL,NULL,'1970-01-01','2016-11-04 17:55:31','2016-11-04 18:34:12'),(2,'j.doe','s3cr3t',1,'j.doe@server.com',NULL,NULL,'1980-01-01','2016-11-04 18:01:40','2016-11-04 18:34:39'),(3,'a.mitchel','qwe123',0,'a.mitchel@google.com',NULL,NULL,NULL,'2016-11-04 18:01:40','2016-11-04 18:01:40'),(4,'test','t3stme',0,'qa@company.net',NULL,NULL,'2016-11-04','2016-11-04 18:01:40','2016-11-04 18:35:17'),(8,'moderator','230acapsbdsa',0,'moder@me.com',NULL,NULL,NULL,'2016-11-04 18:12:33','2016-11-04 18:12:33'),(10,'Евгений','13ezcae',0,'',NULL,NULL,NULL,'2016-11-04 18:58:36','2016-11-04 18:58:36'),(11,'Johny','123axcwezxcopbaw0sdc',0,'johny@ganster.com',NULL,NULL,NULL,'2016-11-11 18:03:02','2016-11-11 18:03:02'),(12,'Sarah','123vszu=wvxc',0,'sarah@gmail.com',NULL,NULL,NULL,'2016-11-11 18:10:04','2016-11-11 18:10:04'),(13,'Robert','TVASD123asc',1,'rob@nasa.gov',NULL,NULL,NULL,'2016-11-11 18:24:14','2016-11-11 18:24:14'),(14,'Ivan','1v@n',0,'ivan@balalayka.ru','Иван','Иваном',NULL,'2016-11-11 19:08:26','2016-11-11 19:08:26');
